anio,valor,indicador,codigo,fuente,fecha_captura
2000,0.368075215426188,Crecimiento de los servicios (%),NV.SRV.TOTL.KD.ZG,Banco Mundial,2026-10-04 13:24
2001,4.1448050859979,Crecimiento de los servicios (%),NV.SRV.TOTL.KD.ZG,Banco Mundial,2026-10-04 13:24
2002,4.75405573950809,Crecimiento de los servicios (%),NV.SRV.TOTL.KD.ZG,Banco Mundial,2026-10-04 13:24
2003,4.15014655058332,Crecimiento de los servicios (%),NV.SRV.TOTL.KD.ZG,Banco Mundial,2026-10-04 13:24
2004,5.51182187700756,Crecimiento de los servicios (%),NV.SRV.TOTL.KD.ZG,Banco Mundial,2026-10-04 13:24
2005,6.0940483046947,Crecimiento de los servicios (%),NV.SRV.TOTL.KD.ZG,Banco Mundial,2026-10-04 13:24
2006,4.68806483439768,Crecimiento de los servicios (%),NV.SRV.TOTL.KD.ZG,Banco Mundial,2026-10-04 13:24
2007,3.58228329490642,Crecimiento de los servicios (%),NV.SRV.TOTL.KD.ZG,Banco Mundial,2026-10-04 13:24
2008,8.03720600977948,Crecimiento de los servicios (%),NV.SRV.TOTL.KD.ZG,Banco Mundial,2026-10-04 13:24
2009,3.72499666595334,Crecimiento de los servicios (%),NV.SRV.TOTL.KD.ZG,Banco Mundial,2026-10-04 13:24
2010,6.17469121716047,Crecimiento de los servicios (%),NV.SRV.TOTL.KD.ZG,Banco Mundial,2026-10-04 13:24
2011,8.17173024818956,Crecimiento de los servicios (%),NV.SRV.TOTL.KD.ZG,Banco Mundial,2026-10-04 13:24
2012,7.50642633237636,Crecimiento de los servicios (%),NV.SRV.TOTL.KD.ZG,Banco Mundial,2026-10-04 13:24
2013,7.25016990384266,Crecimiento de los servicios (%),NV.SRV.TOTL.KD.ZG,Banco Mundial,2026-10-04 13:24
2014,4.86644160547449,Crecimiento de los servicios (%),NV.SRV.TOTL.KD.ZG,Banco Mundial,2026-10-04 13:24
2015,2.94069440818548,Crecimiento de los servicios (%),NV.SRV.TOTL.KD.ZG,Banco Mundial,2026-10-04 13:24
2016,0.618390755862691,Crecimiento de los servicios (%),NV.SRV.TOTL.KD.ZG,Banco Mundial,2026-10-04 13:24
2017,4.49590920764389,Crecimiento de los servicios (%),NV.SRV.TOTL.KD.ZG,Banco Mundial,2026-10-04 13:24
2018,3.34560726178556,Crecimiento de los servicios (%),NV.SRV.TOTL.KD.ZG,Banco Mundial,2026-10-04 13:24
2019,1.16781779016881,Crecimiento de los servicios (%),NV.SRV.TOTL.KD.ZG,Banco Mundial,2026-10-04 13:24
2020,-8.42000920713315,Crecimiento de los servicios (%),NV.SRV.TOTL.KD.ZG,Banco Mundial,2026-10-04 13:24
2021,8.2653523253752,Crecimiento de los servicios (%),NV.SRV.TOTL.KD.ZG,Banco Mundial,2026-10-04 13:24
2022,6.09856731214732,Crecimiento de los servicios (%),NV.SRV.TOTL.KD.ZG,Banco Mundial,2026-10-04 13:24
2023,2.90369430733858,Crecimiento de los servicios (%),NV.SRV.TOTL.KD.ZG,Banco Mundial,2026-10-04 13:24
2024,-0.646445945796799,Crecimiento de los servicios (%),NV.SRV.TOTL.KD.ZG,Banco Mundial,2026-10-04 13:24
2025,3.57909977644846,Crecimiento de los servicios (%),NV.SRV.TOTL.KD.ZG,Banco Mundial,2026-10-04 13:24
2000,1.09180164720277,Crecimiento del PIB (%),NY.GDP.MKTP.KD.ZG,Banco Mundial,2026-10-04 13:24
2001,4.20627185748789,Crecimiento del PIB (%),NY.GDP.MKTP.KD.ZG,Banco Mundial,2026-10-04 13:24
2002,4.92809549611376,Crecimiento del PIB (%),NY.GDP.MKTP.KD.ZG,Banco Mundial,2026-10-04 13:24
2003,2.88450036512064,Crecimiento del PIB (%),NY.GDP.MKTP.KD.ZG,Banco Mundial,2026-10-04 13:24
2004,6.83239736646514,Crecimiento del PIB (%),NY.GDP.MKTP.KD.ZG,Banco Mundial,2026-10-04 13:24
2005,5.39862243994342,Crecimiento del PIB (%),NY.GDP.MKTP.KD.ZG,Banco Mundial,2026-10-04 13:24
2006,4.34113198577639,Crecimiento del PIB (%),NY.GDP.MKTP.KD.ZG,Banco Mundial,2026-10-04 13:24
2007,1.90242859700484,Crecimiento del PIB (%),NY.GDP.MKTP.KD.ZG,Banco Mundial,2026-10-04 13:24
2008,6.56492068224719,Crecimiento del PIB (%),NY.GDP.MKTP.KD.ZG,Banco Mundial,2026-10-04 13:24
2009,1.0910129698311,Crecimiento del PIB (%),NY.GDP.MKTP.KD.ZG,Banco Mundial,2026-10-04 13:24
2010,4.02913787986621,Crecimiento del PIB (%),NY.GDP.MKTP.KD.ZG,Banco Mundial,2026-10-04 13:24
2011,8.48147656332823,Crecimiento del PIB (%),NY.GDP.MKTP.KD.ZG,Banco Mundial,2026-10-04 13:24
2012,5.783212336172,Crecimiento del PIB (%),NY.GDP.MKTP.KD.ZG,Banco Mundial,2026-10-04 13:24
2013,7.21123653679159,Crecimiento del PIB (%),NY.GDP.MKTP.KD.ZG,Banco Mundial,2026-10-04 13:24
2014,4.22606520388456,Crecimiento del PIB (%),NY.GDP.MKTP.KD.ZG,Banco Mundial,2026-10-04 13:24
2015,0.119692109287612,Crecimiento del PIB (%),NY.GDP.MKTP.KD.ZG,Banco Mundial,2026-10-04 13:24
2016,-0.687954245877947,Crecimiento del PIB (%),NY.GDP.MKTP.KD.ZG,Banco Mundial,2026-10-04 13:24
2017,5.97039880954841,Crecimiento del PIB (%),NY.GDP.MKTP.KD.ZG,Banco Mundial,2026-10-04 13:24
2018,1.04429460679607,Crecimiento del PIB (%),NY.GDP.MKTP.KD.ZG,Banco Mundial,2026-10-04 13:24
2019,0.1654044646003,Crecimiento del PIB (%),NY.GDP.MKTP.KD.ZG,Banco Mundial,2026-10-04 13:24
2020,-9.24509619165865,Crecimiento del PIB (%),NY.GDP.MKTP.KD.ZG,Banco Mundial,2026-10-04 13:24
2021,9.42189269033631,Crecimiento del PIB (%),NY.GDP.MKTP.KD.ZG,Banco Mundial,2026-10-04 13:24
2022,5.86842354862311,Crecimiento del PIB (%),NY.GDP.MKTP.KD.ZG,Banco Mundial,2026-10-04 13:24
2023,1.8328406107788,Crecimiento del PIB (%),NY.GDP.MKTP.KD.ZG,Banco Mundial,2026-10-04 13:24
2024,-1.94409022506859,Crecimiento del PIB (%),NY.GDP.MKTP.KD.ZG,Banco Mundial,2026-10-04 13:24
2025,3.72594857272087,Crecimiento del PIB (%),NY.GDP.MKTP.KD.ZG,Banco Mundial,2026-10-04 13:24
