actividad,recaudado_2025,recaudado_2026,variacion_pct,vigilada,periodo,fecha_captura,fuente
R · Artes y recreación,35874884.160000004,63134965.5,76.0,False,enero–mes 8 · 2026 vs 2025,2026-10-04 13:23,"SRI · Recaudación mensual (respaldo del profesor, 30-sep-2026)"
U · Organismos extraterritoriales,976665.97,1445524.03,48.0,False,enero–mes 8 · 2026 vs 2025,2026-10-04 13:23,"SRI · Recaudación mensual (respaldo del profesor, 30-sep-2026)"
B · Minas y petróleo,1094644860.47,1479465269.46,35.2,False,enero–mes 8 · 2026 vs 2025,2026-10-04 13:23,"SRI · Recaudación mensual (respaldo del profesor, 30-sep-2026)"
O · Administración pública,658049699.75,811983164.03,23.4,False,enero–mes 8 · 2026 vs 2025,2026-10-04 13:23,"SRI · Recaudación mensual (respaldo del profesor, 30-sep-2026)"
G · Comercio,4693518852.71,5591152847.05,19.1,True,enero–mes 8 · 2026 vs 2025,2026-10-04 13:23,"SRI · Recaudación mensual (respaldo del profesor, 30-sep-2026)"
A · Agricultura y pesca,474981939.02,559450350.02,17.8,False,enero–mes 8 · 2026 vs 2025,2026-10-04 13:23,"SRI · Recaudación mensual (respaldo del profesor, 30-sep-2026)"
I · Alojamiento y comidas,145566581.81,168238440.82999998,15.6,True,enero–mes 8 · 2026 vs 2025,2026-10-04 13:23,"SRI · Recaudación mensual (respaldo del profesor, 30-sep-2026)"
H · Transporte,378481791.38,435056280.75,14.9,False,enero–mes 8 · 2026 vs 2025,2026-10-04 13:23,"SRI · Recaudación mensual (respaldo del profesor, 30-sep-2026)"
F · Construcción,241957183.93,276783869.13,14.4,True,enero–mes 8 · 2026 vs 2025,2026-10-04 13:23,"SRI · Recaudación mensual (respaldo del profesor, 30-sep-2026)"
D · Electricidad y gas,155557551.09,177776827.73000002,14.3,False,enero–mes 8 · 2026 vs 2025,2026-10-04 13:23,"SRI · Recaudación mensual (respaldo del profesor, 30-sep-2026)"
T · Hogares,368108.84,415081.17,12.8,False,enero–mes 8 · 2026 vs 2025,2026-10-04 13:23,"SRI · Recaudación mensual (respaldo del profesor, 30-sep-2026)"
S · Otros servicios,113754422.71,128212124.4,12.7,False,enero–mes 8 · 2026 vs 2025,2026-10-04 13:23,"SRI · Recaudación mensual (respaldo del profesor, 30-sep-2026)"
C · Manufactura,2194326877.24,2461850269.14,12.2,True,enero–mes 8 · 2026 vs 2025,2026-10-04 13:23,"SRI · Recaudación mensual (respaldo del profesor, 30-sep-2026)"
K · Finanzas y seguros,2234484966.63,2504916264.41,12.1,False,enero–mes 8 · 2026 vs 2025,2026-10-04 13:23,"SRI · Recaudación mensual (respaldo del profesor, 30-sep-2026)"
Q · Salud,219117980.06,243711864.51,11.2,False,enero–mes 8 · 2026 vs 2025,2026-10-04 13:23,"SRI · Recaudación mensual (respaldo del profesor, 30-sep-2026)"
P · Enseñanza,143427261.28,159286778.29,11.1,False,enero–mes 8 · 2026 vs 2025,2026-10-04 13:23,"SRI · Recaudación mensual (respaldo del profesor, 30-sep-2026)"
L · Inmobiliarias,197889643.84,219625239.60999998,11.0,False,enero–mes 8 · 2026 vs 2025,2026-10-04 13:23,"SRI · Recaudación mensual (respaldo del profesor, 30-sep-2026)"
M · Actividades profesionales,500227905.68,548864924.3,9.7,False,enero–mes 8 · 2026 vs 2025,2026-10-04 13:23,"SRI · Recaudación mensual (respaldo del profesor, 30-sep-2026)"
E · Agua y residuos,78513970.14,83497137.17,6.3,False,enero–mes 8 · 2026 vs 2025,2026-10-04 13:23,"SRI · Recaudación mensual (respaldo del profesor, 30-sep-2026)"
N · Servicios administrativos,234438921.95,246065598.41,5.0,False,enero–mes 8 · 2026 vs 2025,2026-10-04 13:23,"SRI · Recaudación mensual (respaldo del profesor, 30-sep-2026)"
J · Información y comunicación,450304259.64,461277039.68,2.4,True,enero–mes 8 · 2026 vs 2025,2026-10-04 13:23,"SRI · Recaudación mensual (respaldo del profesor, 30-sep-2026)"
